id,text,variant_a,variant_b,_note
nd_elder_gate_done,你来了。旧事说过了，修行上的门道，随时可以再问我。,又见面了。话是说不完的，路却要自己走。,近来如何？修行一事急不得，你来问，我便答。,引用 LORE §6 npc_qingshi_zhizhi（石执事）
nd_elder_gate_done_opt1,请教修行之法,,,
nd_elder_gate_done_opt2,告辞。,,,
nd_elder_gate_met,你身上的气息比初见时沉了几分。说吧，此时前来，所为何事？,哦？气息变了一截，看来是有所进境了。,站住脚步让我看看——嗯，修为确实见了长进。,引用 LORE §6 npc_qingshi_zhizhi
nd_elder_gate_met_opt1,想听执事讲讲当年的旧事。,,,
nd_elder_gate_met_opt2,并无要事，路过问安。,,,
nd_elder_story,既然你想听。落霞镇立镇那几年，灵潮未平，青石观在此设了分堂。当年宗门资粮不济，向月来渡拆借过一笔灵石，立据的是老辈人。后来观里去赎据，账目对不上，两下里便结了些不痛快。这桩事悬到现在，也是一块心病。,这段旧事说来话长。灵潮年间观里缺资粮，向月来渡借过一笔灵石。后来去赎借据，账目却对不上，从此两家心里都存了个疙瘩。,你既有心听，我便直说。当年借据一事至今没能了结，账目对不上，债便一直挂着。,引用 LORE §6 npc_qingshi_zhizhi + §5 fac_qingshi/fac_yuelai + H3 因果（debt）
nd_elder_story_opt1,当年借据究竟对不上在哪里？,,,
nd_elder_story_opt2,此事说来话长，改日再听。,,,
nd_elder_debt,对不上的地方只有两处：其一，借据上的数目与账房底册差了三成；其二，经手之人早已不知所踪。观里没有凭据，硬讨便是仗势，不讨便是自吞苦果。我在练气九层停了一百年，看明白一件事——修行是自己的，账是人家的，两头都误不得。你记住这一条：字据要清，人账要明。,差了三成——关键在经手人，可惜人已不知所踪。我在这层境界停了一百年，最明白这种进退不得的滋味。你记住，行走在外，字据要清。,说来惭愧，底册与借据差着三成，经手人又寻不见。你记住这个教训：人账要明。,引用 LORE §6 npc_qingshi_zhizhi（卡筑基百年）+ §2 灵石
nd_elder_debt_opt1,多谢执事指点。,,,
nd_elder_meet,你便是新入册的记名弟子吧。碑上的门规都读过了？灵根未显之前，先学会打坐吐纳——坐得住，才有后面的事。,正是老朽。碑文读完了？灵根没显之前，先练坐功。坐不住的人，什么功法都白搭。,读过碑文便好。记住，修行第一课不是法术，是坐得住。,引用 LORE §6 npc_qingshi_zhizhi + §4 qi_luoxia（落霞镇场景）
nd_elder_meet_opt1,请教修行之法。,,,
nd_elder_meet_opt2,弟子告退。,,,
nd_elder_teach,打坐吐纳，讲究的是水磨工夫。镇外灵气最盛处在东洼药圃——苏药农种药有些年头，园中灵气比别处足。你去采六株凝墟草回来交与她，既全了礼数，也练了坐性。路上小心，莫要在灵气浓处贪坐误了正事。,修行没有捷径，先替人办事磨性子。东洼苏药农的园子灵气足，你去采六株凝墟草送去，礼数坐性两不误。,老朽给你指条路：东洼药圃采六株凝墟草给苏药农送去。办事要紧，别贪玩。,引用 LORE §4 qi_luoxia + §6 npc_yaonog_su + STORY §4 #3/#4
nd_elder_teach_opt1,弟子应下，这便去。,,,
nd_elder_teach_opt2,容弟子考虑一二。,,,
nd_elder_bye,去吧。修行在个人，门在手里，路在脚下。,嗯，去吧。,老朽不留你，好生修行。,引用 LORE §6 npc_qingshi_zhizhi
nd_herb_gate_task,长老托你来的吧？园里这茬凝墟草长得正好，就等你来采。采满六株交给我就行，长老那里有我回话。,来得正好，凝墟草正等着人采。六株，一株都不能少，采好直接给我。,是长老让你来的吧？园子东头那片凝墟草，采足六株交我手上。,引用 LORE §6 npc_yaonog_su + §4 qi_luoxia
nd_herb_gate_task_opt1,交付六株凝墟草,,,
nd_herb_gate_task_opt2,先和您聊几句,,,
nd_herb_gate_fresh,这位面生得很——要买药去前堂，要学艺去观里，我这园子不待客。,不买药别踩我田垄。,园子里泥重，生人别往里走。,引用 LORE §6 npc_yaonog_su
nd_herb_gate_fresh_opt1,打扰了，这就走。,,,
nd_herb_chat,种药和修行是一个理：火候不到，催出来的东西没有灵性。凝墟草要在晨露未干时下手，断骨的根须泡酒最好。你有闲心听这些，不如多看两眼我摘草的手法。,摘草要看时辰，露水没干就动手。学东西别急，看我手上功夫。,药有药性，人有人性，都急不得。你多看看，少碰。,引用 LORE §6 npc_yaonog_su + §2 灵气设定
nd_herb_chat_opt1,回到正事上来,,,
nd_herb_done,一、二、三……六株，株株带露，是懂行的。这包灵石你收好，回执事那里销差。替我谢过他挂念。,数好了，六株，都新鲜。灵石拿好，回话时替我道声谢。,好手艺，没伤着根。这袋灵石是药钱，剩下的替我问执事安。,引用 LORE §6 npc_yaonog_su（给灵石给材料）+ §2 灵石
nd_herb_bye,慢走。田垄间别乱踩。,嗯。,去吧去吧。,引用 LORE §6 npc_yaonog_su
nd_inn_welcome,灯还亮着，就是门还开着。要听消息，坐下来，规矩是先付账后开口；要赶路，出门左转就是渡口。,挑灯人卖的是消息，不是修为——想打听，先想好问什么。,灯下坐吧。这渡口的事，没有我不知道的。,引用 LORE §6 npc_yuelai_deng（挑灯人：卖情报不卖修为）+ §5 fac_yuelai
nd_inn_welcome_opt1,打听些坊市传闻,,,
nd_inn_welcome_opt2,只是路过,,,
nd_inn_rumor,最近坊市上的话头可不少：西边矿脉出的灵石成色一天不如一天；北边路上有散修为了半张残图动过手；还有人说夜里瞧见天上有火光划过去——是福是祸，我只管传话，不下断语。你自己掂量着听。,客官要听哪一桩？西边矿石成色跌了，北边有人为半张图伤了和气，还有夜里见着火光的——真假自辨。,消息嘛，自然有：矿石跌价、残图惹祸、夜有火光。信不信由你，反正我只管说。,引用 LORE §6 npc_yuelai_deng + §5 fac_yuelai + ch1 传闻钩子
nd_inn_rumor_opt1,多谢提点,,,
nd_inn_bye,灯给你留着，人给你记着。慢走。,得嘞，慢走。,好走，不送。,引用 LORE §6 npc_yuelai_deng
nd_sect_gate_ready,东西备齐了？好。筑基一途，选对门庭能省十年苦功。老夫只把话说在前头，路要你自己挑。,都备齐了？那便谈正事。选门庭如选路，老夫不劝，只把利害说清。,资粮既足，该定门庭了。听好，说完便要做决定。,引用 LORE §6 npc_taishang_wu + STORY §4 #10（择路）
nd_sect_gate_ready_opt1,拜入青石观,,,
nd_sect_gate_ready_opt2,投身承梁王朝,,,
nd_sect_gate_fresh,山门不养闲人。筑基之前谈门庭，为时过早——把该备的东西备齐了再来见我。空口白话，观里和朝廷都不收。,资粮未齐，谈什么择路？备好了再来。,还差着东西呢。齐活之前，这话不必再提。,引用 LORE §6 npc_taishang_wu（"山门不养闲人"）+ STORY §4 #8/#10
nd_sect_gate_fresh_opt1,晚辈告退,,,
nd_sect_qingxin,好。青石观讲一个清字，清修清心清债——入了山门，往后的路要自己走稳。回头自有人领你上山。,善。清修一脉，最忌心浮。既选了，便守它的规矩。,青石观是清净地，也是苦地方。定了便不要回头。,引用 LORE §5 fac_qingshi + §6 npc_taishang_wu
nd_sect_wangchao,承梁讲一个势字，权柄灵石都不缺，缺的是敢担事的人。既选了这条路，契书上的名字，落下去就收不回来。,王朝之门敞着，进不进你可想清楚——进了便有差事在身。,选了承梁，便是选了规矩最重的地方。好自为之。,引用 LORE §5 fac_wangchao + §6 npc_taishang_wu
nd_sect_bye,去吧。,嗯。,老夫候你消息。,引用 LORE §6 npc_taishang_wu
