id,chapter,entry,prerequisites,objectives,conditions,rewards,reputation_delta,causality,timer,fail_goto,flags_set,repeatable,hidden,price_reward,_note
quest_prologue_root_read_01,prologue,true,,id=1;type=talk;target=npc_qingshi_zhizhi;count=1;optional=false,,type=flag;id=fac_qingshi:prologue:met_elder,,,,,,no,false,,STORY §4 #1 序章入口 教面板读法 服务端已发灵根
quest_prologue_meditation_01,prologue,false,quest_prologue_root_read_01,id=1;type=sit;count=60;optional=false,,type=qi;count=40|type=unlock;unlock_key=meditation|type=unlock;unlock_key=cultivation_panel,,,,,,no,false,,STORY §4 #2 累计60刻为[拟] 手册拍板示例ID
quest_prologue_herb_pick_01,prologue,false,quest_prologue_meditation_01,id=1;type=collect;target=item_ningxu;count=6;optional=false,,type=item;id=item_lingshi;count=3,,,,,,no,false,,STORY §4 #3 苏药农线 item_ningxu 为[拟]待C定名
quest_prologue_deliver_01,prologue,false,quest_prologue_herb_pick_01,id=1;type=deliver;target=npc_yaonong_su;count=1;optional=false,,type=qi;count=60|type=technique;id=tech_qingxin_jue,,,,,,no,false,,STORY §4 #4 末影箱内交付[锚] 功法装备在筑基后
quest_prologue_breakthrough_qi_01,prologue,false,quest_prologue_meditation_01,id=1;type=breakthrough;target=bs_fanren_qili;count=1;optional=false,,type=unlock;unlock_key=spiritroot_panel|type=flag;id=prologue:first_qi,,,,,,no,false,,STORY §4 #5 qi>=100 由突破机制隐含 DSL无qi谓词故不写conditions
quest_prologue_elder_story_01,prologue,false,quest_prologue_breakthrough_qi_01,id=1;type=talk;target=npc_qingshi_zhizhi;count=1;optional=false,,type=flag;id=fac_qingshi:prologue:saw_debt,,,,,,no,false,,STORY §4 #6 情感关键节点 文本须人工重写
quest_prologue_nine_layers_01,prologue,false,quest_prologue_elder_story_01,id=1;type=sit;count=240;optional=false|id=2;type=kill;count=3;optional=false,,type=qi;count=207|type=item;id=item_yaocai;count=2,,,,,,no,false,,STORY §4 #7 sit+kill并置 妖兽与妖材ID均[占位]待注册 qi=90%x230拟算待C
quest_prologue_prepare_zhuji_01,prologue,false,quest_prologue_nine_layers_01,id=1;type=collect;target=item_duanxue;count=2;optional=false|id=2;type=collect;target=item_lingshi;count=1;optional=false,,type=flag;id=prologue:ready_to_zhuji,,,,,,no,false,,STORY §4 #8 只采不炼 突破台就位目标待方块注册后补
quest_prologue_breakthrough_zhuji_01,prologue,false,quest_prologue_prepare_zhuji_01,id=1;type=breakthrough;target=bs_qili_zhuji;count=1;optional=false,,type=unlock;unlock_key=technique_equip|type=unlock;unlock_key=spell_cast|type=unlock;unlock_key=pill_crafting,,,,,,no,false,,STORY §4 #9 押注段 失败回退60-80%[锚]D6
quest_prologue_sect_choice_01,prologue,false,quest_prologue_breakthrough_zhuji_01,id=1;type=talk;target=npc_taishang_wu;count=1;optional=false,,type=flag;id=prologue:sect_chosen,,,,,,no,false,,STORY §4 #10 affiliation二选一走对话树effects(H2) 任务只记择路完成
